"Red","CodigoBase","AliasBC3","TipoInterpretado","CodigoBC3_Referencia","DuplicadosMismoCodigo","NombreRepresentativo","TipoOrigen","Tamano","CotaTapa_m","CotaSumidero_m","ProfundidadGeom_m","ProfundidadReportada_m","Observacion"
"PLUVIALES","StartNullStruct0","IM01","Imbornal / estructura auxiliar","U044879794E3","1","StartNullStruct0","Connection","...","0",,,"0","Criterio actual: no PP = imbornal"
"PLUVIALES","EndNullStruct0","IM02","Imbornal / estructura auxiliar","U044879794E3","1","EndNullStruct0","Connection","...","0",,,"0.94","Criterio actual: no PP = imbornal"
"PLUVIALES","EndNullStruct1","IM03","Imbornal / estructura auxiliar","U044879794E3","1","EndNullStruct1","Connection","...","0",,,"0.94","Criterio actual: no PP = imbornal"
"PLUVIALES","EndNullStruct2","IM04","Imbornal / estructura auxiliar","U044879794E3","1","EndNullStruct2","Connection","...","0",,,"0.94","Criterio actual: no PP = imbornal"
"PLUVIALES","EndNullStruct3","IM05","Imbornal / estructura auxiliar","U044879794E3","1","EndNullStruct3","Connection","...","0",,,"0.94","Criterio actual: no PP = imbornal"
"PLUVIALES","EndNullStruct4","IM06","Imbornal / estructura auxiliar","U044879794E3","1","EndNullStruct4","Connection","...","0",,,"0.94","Criterio actual: no PP = imbornal"
"PLUVIALES","EndNullStruct5","IM07","Imbornal / estructura auxiliar","U044879794E3","1","EndNullStruct5","Connection","...","0",,,"0.94","Criterio actual: no PP = imbornal"
"PLUVIALES","EndNullStruct6","IM08","Imbornal / estructura auxiliar","U044879794E3","1","EndNullStruct6","Connection","...","0",,,"0.94","Criterio actual: no PP = imbornal"
"PLUVIALES","EndNullStruct7","IM09","Imbornal / estructura auxiliar","U044879794E3","1","EndNullStruct7","Connection","...","0",,,"0.94","Criterio actual: no PP = imbornal"
"PLUVIALES","EndNullStruct8","IM10","Imbornal / estructura auxiliar","U044879794E3","1","EndNullStruct8","Connection","...","0",,,"0","Criterio actual: no PP = imbornal"
"PLUVIALES","IM21","IM11","Imbornal / estructura auxiliar","U044879794E3","1","IM21","Rectangular","L:0.70 W:0.30","5.97","5.51","0.46","0","Criterio actual: no PP = imbornal"
"PLUVIALES","IM24","IM12","Imbornal / estructura auxiliar","U044879794E3","1","IM24","Rectangular","L:0.70 W:0.30","4.94","4.48","0.46","0","Criterio actual: no PP = imbornal"
"PLUVIALES","IM20","IM13","Imbornal / estructura auxiliar","U044879794E3","1","IM20","Rectangular","L:0.70 W:0.30","4.94","4.48","0.46","0","Criterio actual: no PP = imbornal"
"PLUVIALES","IM78","IM14","Imbornal / estructura auxiliar","U044879794E3","1","IM78","Rectangular","L:0.70 W:0.30","4.87","-0.76","5.63","0","Criterio actual: no PP = imbornal"
"PLUVIALES","IM22","IM15","Imbornal / estructura auxiliar","U044879794E3","1","IM22","Rectangular","L:0.70 W:0.30","4.82","4.36","0.46","0","Criterio actual: no PP = imbornal"
"PLUVIALES","IM23","IM16","Imbornal / estructura auxiliar","U044879794E3","1","IM23","Rectangular","L:0.70 W:0.30","4.82","4.36","0.46","0","Criterio actual: no PP = imbornal"
"PLUVIALES","IM77","IM17","Imbornal / estructura auxiliar","U044879794E3","1","IM77","Rectangular","L:0.70 W:0.30","4.76","-0.76","5.52","0","Criterio actual: no PP = imbornal"
"PLUVIALES","PP14","PP14","Pozo pluvial","UAP0.2-TIPOI","1","PP14","Circular","D:1.00","4.74","2.59","2.15","0","Criterio hidráulico acordado: pozo estándar => TIPO I."
"PLUVIALES","PP17","PP17","Pozo pluvial","UAP0.2-TIPOI","1","PP17","Circular","D:1.00","4.4","2.51","1.89","0","Criterio hidráulico acordado: pozo estándar => TIPO I."
"PLUVIALES","IM28","IM18","Imbornal / estructura auxiliar","U044879794E3","1","IM28","Rectangular","L:0.70 W:0.30","4.27","-0.94","5.21","0","Criterio actual: no PP = imbornal"
"PLUVIALES","IM27","IM19","Imbornal / estructura auxiliar","U044879794E3","1","IM27","Rectangular","L:0.70 W:0.30","4.27","-0.94","5.21","0","Criterio actual: no PP = imbornal"
"PLUVIALES","PP16","PP16","Pozo pluvial","UAP0.2-TIPOI","1","PP16","Circular","D:1.00","4.26","2.56","1.7","0","Criterio hidráulico acordado: pozo estándar => TIPO I."
"PLUVIALES","PP18","PP18","Pozo pluvial","UAP0.2-TIPOI","1","PP18","Circular","D:1.00","4.23","2.46","1.77","0","Criterio hidráulico acordado: pozo estándar => TIPO I."
"PLUVIALES","IM80","IM20","Imbornal / estructura auxiliar","U044879794E3","1","IM80","Rectangular","L:0.70 W:0.30","4.17","-0.76","4.93","0","Criterio actual: no PP = imbornal"
"PLUVIALES","IM79","IM21","Imbornal / estructura auxiliar","U044879794E3","1","IM79","Rectangular","L:0.70 W:0.30","4.12","-0.76","4.88","0","Criterio actual: no PP = imbornal"
"PLUVIALES","PP15","PP15","Pozo pluvial","UAP0.2-TIPOI","1","PP15","Circular","D:1.00","4.03","2.59","1.44","0","Criterio hidráulico acordado: pozo estándar => TIPO I."
"PLUVIALES","PP19","PP19","Pozo pluvial","UAP0.2-TIPOI","1","PP19","Circular","D:1.00","4.01","2.41","1.6","0","Criterio hidráulico acordado: pozo estándar => TIPO I."
"PLUVIALES","PP20","PP20","Pozo pluvial","UAP0.2-TIPOI","1","PP20","Circular","D:1.00","3.92","2.35","1.57","0","Criterio hidráulico acordado: pozo estándar => TIPO I."
"PLUVIALES","IM29","IM22","Imbornal / estructura auxiliar","U044879794E3","1","IM29","Rectangular","L:0.70 W:0.30","3.91","2.72","1.19","0","Criterio actual: no PP = imbornal"
"PLUVIALES","IM30","IM23","Imbornal / estructura auxiliar","U044879794E3","1","IM30","Rectangular","L:0.70 W:0.30","3.91","3.2","0.71","0","Criterio actual: no PP = imbornal"
"PLUVIALES","PP21","PP21","Pozo pluvial","UAP0.2-TIPOI","1","PP21","Circular","D:1.00","3.84","2.3","1.54","0","Criterio hidráulico acordado: pozo estándar => TIPO I."
"PLUVIALES","IM31","IM24","Imbornal / estructura auxiliar","U044879794E3","1","IM31","Rectangular","L:0.70 W:0.30","3.83","2.64","1.19","0","Criterio actual: no PP = imbornal"
"PLUVIALES","IM32","IM25","Imbornal / estructura auxiliar","U044879794E3","1","IM32","Rectangular","L:0.70 W:0.30","3.83","3.2","0.63","0","Criterio actual: no PP = imbornal"
"PLUVIALES","PP22","PP22","Pozo pluvial","UAP0.2-TIPOI","1","PP22","Circular","D:1.00","3.76","2.25","1.51","0","Criterio hidráulico acordado: pozo estándar => TIPO I."
"PLUVIALES","PP23","PP23","Pozo pluvial","UAP0.2-TIPOI","1","PP23","Circular","D:1.00","3.75","2.19","1.56","0","Criterio hidráulico acordado: pozo estándar => TIPO I."
"PLUVIALES","IM33","IM26","Imbornal / estructura auxiliar","U044879794E3","1","IM33","Rectangular","L:0.70 W:0.30","3.75","2.56","1.19","0","Criterio actual: no PP = imbornal"
"PLUVIALES","IM34","IM27","Imbornal / estructura auxiliar","U044879794E3","1","IM34","Rectangular","L:0.70 W:0.30","3.75","3.19","0.56","0","Criterio actual: no PP = imbornal"
"PLUVIALES","PP1","PP1","Pozo pluvial","UAP0.2-TIPOI","1","PP1","Circular","D:1.00","3.73","2.34","1.39","0","Criterio hidráulico acordado: pozo estándar => TIPO I."
"PLUVIALES","PP32","PP32","Pozo pluvial","UAP0.2-TIPOI","1","PP32","Circular","D:1.00","3.72","1.51","2.21","0","Criterio hidráulico acordado: pozo estándar => TIPO I."
"PLUVIALES","IM26","IM28","Imbornal / estructura auxiliar","U044879794E3","1","IM26","Rectangular","L:0.70 W:0.30","3.69","2.92","0.77","0","Criterio actual: no PP = imbornal"
"PLUVIALES","PP33","PP33","Pozo pluvial","UAP0.2-TIPOI","1","PP33","Circular","D:1.00","3.69","1.43","2.26","0","Criterio hidráulico acordado: pozo estándar => TIPO I."
"PLUVIALES","PP31","PP31","Pozo pluvial","UAP0.2-TIPOI","1","PP31","Circular","D:1.00","3.68","1.58","2.1","0","Criterio hidráulico acordado: pozo estándar => TIPO I."
"PLUVIALES","IM35","IM29","Imbornal / estructura auxiliar","U044879794E3","1","IM35","Rectangular","L:0.70 W:0.30","3.66","2.48","1.18","0","Criterio actual: no PP = imbornal"
"PLUVIALES","IM36","IM30","Imbornal / estructura auxiliar","U044879794E3","1","IM36","Rectangular","L:0.70 W:0.30","3.66","3.18","0.48","0","Criterio actual: no PP = imbornal"
"PLUVIALES","PP34","PP34","Pozo pluvial","UAP0.2-TIPOI","1","PP34","Circular","D:1.00","3.65","1.35","2.3","0","Criterio hidráulico acordado: pozo estándar => TIPO I."
"PLUVIALES","IM37","IM31","Imbornal / estructura auxiliar","U044879794E3","1","IM37","Rectangular","L:0.70 W:0.30","3.65","2.4","1.25","0","Criterio actual: no PP = imbornal"
"PLUVIALES","IM38","IM32","Imbornal / estructura auxiliar","U044879794E3","1","IM38","Rectangular","L:0.70 W:0.30","3.65","3.17","0.48","0","Criterio actual: no PP = imbornal"
"PLUVIALES","IM83","IM33","Imbornal / estructura auxiliar","U044879794E3","1","IM83","Rectangular","L:0.70 W:0.30","3.64","2.64","1","0","Criterio actual: no PP = imbornal"
"PLUVIALES","PP30","PP30","Pozo pluvial","UAP0.5-TIPOII","1","PP30","Circular","D:1.00","3.64","1.66","1.98","0","Criterio hidráulico acordado: nodo singular => TIPO II."
"PLUVIALES","IM72","IM34","Imbornal / estructura auxiliar","U044879794E3","1","IM72","Rectangular","L:0.70 W:0.30","3.64","2.57","1.07","1.07","Criterio actual: no PP = imbornal"
"PLUVIALES","IM82","IM35","Imbornal / estructura auxiliar","U044879794E3","1","IM82","Rectangular","L:0.70 W:0.30","3.64","2.64","1","0","Criterio actual: no PP = imbornal"
"PLUVIALES","IM40","IM36","Imbornal / estructura auxiliar","U044879794E3","1","IM40","Rectangular","L:0.70 W:0.30","3.63","3.17","0.46","0","Criterio actual: no PP = imbornal"
"PLUVIALES","IM42","IM37","Imbornal / estructura auxiliar","U044879794E3","1","IM42","Rectangular","L:0.70 W:0.30","3.62","3.16","0.46","0","Criterio actual: no PP = imbornal"
"PLUVIALES","PP35","PP35","Pozo pluvial","UAP0.2-TIPOI","1","PP35","Circular","D:1.00","3.62","1.27","2.35","0","Criterio hidráulico acordado: pozo estándar => TIPO I."
"PLUVIALES","IM53","IM38","Imbornal / estructura auxiliar","U044879794E3","1","IM53","Rectangular","L:0.70 W:0.30","3.62","1.68","1.94","0","Criterio actual: no PP = imbornal"
"PLUVIALES","IM54","IM39","Imbornal / estructura auxiliar","U044879794E3","1","IM54","Rectangular","L:0.70 W:0.30","3.62","3.1","0.52","0","Criterio actual: no PP = imbornal"
"PLUVIALES","IM44","IM40","Imbornal / estructura auxiliar","U044879794E3","1","IM44","Rectangular","L:0.70 W:0.30","3.61","3.15","0.46","0","Criterio actual: no PP = imbornal"
"PLUVIALES","IM46","IM41","Imbornal / estructura auxiliar","U044879794E3","1","IM46","Rectangular","L:0.70 W:0.30","3.61","3.14","0.47","0","Criterio actual: no PP = imbornal"
"PLUVIALES","PP11","PP11","Pozo pluvial","UAP0.2-TIPOI","1","PP11","Circular","D:1.00","3.6","1.6","2","0","Criterio hidráulico acordado: pozo estándar => TIPO I."
"PLUVIALES","IM48","IM42","Imbornal / estructura auxiliar","U044879794E3","1","IM48","Rectangular","L:0.70 W:0.30","3.6","3.14","0.46","0","Criterio actual: no PP = imbornal"
"PLUVIALES","PP12","PP12","Pozo pluvial","UAP0.2-TIPOI","1","PP12","Circular","D:1.00","3.6","1.56","2.04","0","Criterio hidráulico acordado: pozo estándar => TIPO I."
"PLUVIALES","PP29","PP29","Pozo pluvial","UAP0.2-TIPOI","1","PP29","Circular","D:1.00","3.6","1.88","1.72","0","Criterio hidráulico acordado: pozo estándar => TIPO I."
"PLUVIALES","PP36","PP36","Pozo pluvial","UAP0.5-TIPOII","1","PP36","Circular","D:1.00","3.59","1.19","2.4","0","Criterio hidráulico acordado: nodo singular => TIPO II."
"PLUVIALES","IM55","IM43","Imbornal / estructura auxiliar","U044879794E3","1","IM55","Rectangular","L:0.70 W:0.30","3.59","1.6","1.99","0","Criterio actual: no PP = imbornal"
"PLUVIALES","IM56","IM44","Imbornal / estructura auxiliar","U044879794E3","1","IM56","Rectangular","L:0.70 W:0.30","3.59","3.04","0.55","0","Criterio actual: no PP = imbornal"
"PLUVIALES","IM50","IM45","Imbornal / estructura auxiliar","U044879794E3","1","IM50","Rectangular","L:0.70 W:0.30","3.58","3.12","0.46","0","Criterio actual: no PP = imbornal"
"PLUVIALES","IM51","IM46","Imbornal / estructura auxiliar","U044879794E3","1","IM51","Rectangular","L:0.70 W:0.30","3.58","1.76","1.82","0","Criterio actual: no PP = imbornal"
"PLUVIALES","IM52","IM47","Imbornal / estructura auxiliar","U044879794E3","1","IM52","Rectangular","L:0.70 W:0.30","3.58","3.11","0.47","0","Criterio actual: no PP = imbornal"
"PLUVIALES","PP37","PP37","Pozo pluvial","UAP0.2-TIPOI","1","PP37","Circular","D:1.00","3.56","1.11","2.45","0","Criterio hidráulico acordado: pozo estándar => TIPO I."
"PLUVIALES","IM57","IM48","Imbornal / estructura auxiliar","U044879794E3","1","IM57","Rectangular","L:0.70 W:0.30","3.56","1.52","2.04","0","Criterio actual: no PP = imbornal"
"PLUVIALES","IM58","IM49","Imbornal / estructura auxiliar","U044879794E3","1","IM58","Rectangular","L:0.70 W:0.30","3.56","2.86","0.7","0","Criterio actual: no PP = imbornal"
"PLUVIALES","PPEX1","IM50","Imbornal / estructura auxiliar","U044879794E3","1","PPEX1","Circular","D:1.00","3.56","2.43","1.13","0","Criterio actual: no PP = imbornal"
"PLUVIALES","PP28","PP28","Pozo pluvial","UAP0.2-TIPOI","1","PP28","Circular","D:1.00","3.55","1.82","1.73","0","Criterio hidráulico acordado: pozo estándar => TIPO I."
"PLUVIALES","PP10","PP10","Pozo pluvial","UAP0.2-TIPOI","1","PP10","Circular","D:1.00","3.55","1.7","1.85","0","Criterio hidráulico acordado: pozo estándar => TIPO I."
"PLUVIALES","IM49","IM51","Imbornal / estructura auxiliar","U044879794E3","1","IM49","Rectangular","L:0.70 W:0.30","3.54","1.84","1.7","0","Criterio actual: no PP = imbornal"
"PLUVIALES","PP24","PP24","Pozo pluvial","UAP0.2-TIPOI","1","PP24","Circular","D:1.00","3.53","2.14","1.39","0","Criterio hidráulico acordado: pozo estándar => TIPO I."
"PLUVIALES","IM59","IM52","Imbornal / estructura auxiliar","U044879794E3","1","IM59","Rectangular","L:0.70 W:0.30","3.52","1.44","2.08","0","Criterio actual: no PP = imbornal"
"PLUVIALES","IM60","IM53","Imbornal / estructura auxiliar","U044879794E3","1","IM60","Rectangular","L:0.70 W:0.30","3.52","2.68","0.84","0","Criterio actual: no PP = imbornal"
"PLUVIALES","PP13","PP13","Pozo pluvial","UAP0.2-TIPOI","1","PP13","Circular","D:1.00","3.52","1.5","2.02","0","Criterio hidráulico acordado: pozo estándar => TIPO I."
"PLUVIALES","PP27","PP27","Pozo pluvial","UAP0.2-TIPOI","1","PP27","Circular","D:1.00","3.51","1.9","1.61","0","Criterio hidráulico acordado: pozo estándar => TIPO I."
"PLUVIALES","PP9","PP9","Pozo pluvial","UAP0.2-TIPOI","1","PP9","Circular","D:1.00","3.5","1.79","1.71","0","Criterio hidráulico acordado: pozo estándar => TIPO I."
"PLUVIALES","IM25","IM54","Imbornal / estructura auxiliar","U044879794E3","1","IM25","Rectangular","L:0.70 W:0.30","3.5","2.73","0.77","0","Criterio actual: no PP = imbornal"
"PLUVIALES","IM61","IM55","Imbornal / estructura auxiliar","U044879794E3","1","IM61","Rectangular","L:0.70 W:0.30","3.49","1.36","2.13","0","Criterio actual: no PP = imbornal"
"PLUVIALES","IM62","IM56","Imbornal / estructura auxiliar","U044879794E3","1","IM62","Rectangular","L:0.70 W:0.30","3.49","2.5","0.99","0","Criterio actual: no PP = imbornal"
"PLUVIALES","IM01","IM57","Imbornal / estructura auxiliar","U044879794E3","1","IM01","Rectangular","L:0.70 W:0.30","3.48","2.72","0.76","0","Criterio actual: no PP = imbornal"
"PLUVIALES","IM02","IM58","Imbornal / estructura auxiliar","U044879794E3","1","IM02","Rectangular","L:0.70 W:0.30","3.47","2.71","0.76","0","Criterio actual: no PP = imbornal"
"PLUVIALES","PP26","PP26","Pozo pluvial","UAP0.2-TIPOI","1","PP26","Circular","D:1.00","3.46","1.98","1.48","0","Criterio hidráulico acordado: pozo estándar => TIPO I."
"PLUVIALES","IM63","IM59","Imbornal / estructura auxiliar","U044879794E3","1","IM63","Rectangular","L:0.70 W:0.30","3.46","1.28","2.18","0","Criterio actual: no PP = imbornal"
"PLUVIALES","IM64","IM60","Imbornal / estructura auxiliar","U044879794E3","1","IM64","Rectangular","L:0.70 W:0.30","3.46","2.32","1.14","0","Criterio actual: no PP = imbornal"
"PLUVIALES","IM10","IM61","Imbornal / estructura auxiliar","U044879794E3","1","IM10","Rectangular","L:0.70 W:0.30","3.46","2.25","1.21","0","Criterio actual: no PP = imbornal"
"PLUVIALES","IM39","IM62","Imbornal / estructura auxiliar","U044879794E3","1","IM39","Rectangular","L:0.70 W:0.30","3.45","2.32","1.13","0","Criterio actual: no PP = imbornal"
"PLUVIALES","IM47","IM63","Imbornal / estructura auxiliar","U044879794E3","1","IM47","Rectangular","L:0.70 W:0.30","3.45","2","1.45","0","Criterio actual: no PP = imbornal"
"PLUVIALES","IM07","IM64","Imbornal / estructura auxiliar","U044879794E3","1","IM07","Rectangular","L:0.70 W:0.30","3.44","1.68","1.76","0","Criterio actual: no PP = imbornal"
"PLUVIALES","IM17","IM65","Imbornal / estructura auxiliar","U044879794E3","1","IM17","Rectangular","L:0.70 W:0.30","3.44","2.79","0.65","0","Criterio actual: no PP = imbornal"
"PLUVIALES","IM09","IM66","Imbornal / estructura auxiliar","U044879794E3","1","IM09","Rectangular","L:0.70 W:0.30","3.42","2.66","0.76","0","Criterio actual: no PP = imbornal"
"PLUVIALES","PP25","PP25","Pozo pluvial","UAP0.2-TIPOI","1","PP25","Circular","D:1.00","3.42","2.06","1.36","0","Criterio hidráulico acordado: pozo estándar => TIPO I."
"PLUVIALES","IM85","IM67","Imbornal / estructura auxiliar","U044879794E3","1","IM85","Rectangular","L:0.70 W:0.30","3.41","2.24","1.17","1.17","Criterio actual: no PP = imbornal"
"PLUVIALES","IM86","IM68","Imbornal / estructura auxiliar","U044879794E3","1","IM86","Rectangular","L:0.70 W:0.30","3.41","2.24","1.17","1.17","Criterio actual: no PP = imbornal"
"PLUVIALES","IM45","IM69","Imbornal / estructura auxiliar","U044879794E3","1","IM45","Rectangular","L:0.70 W:0.30","3.4","2.08","1.32","0","Criterio actual: no PP = imbornal"
"PLUVIALES","PP8","PP8","Pozo pluvial","UAP0.2-TIPOI","1","PP8","Circular","D:1.00","3.4","1.87","1.53","0","Criterio hidráulico acordado: pozo estándar => TIPO I."
"PLUVIALES","PP7","PP7","Pozo pluvial","UAP0.2-TIPOI","1","PP7","Circular","D:1.00","3.4","1.92","1.48","0","Criterio hidráulico acordado: pozo estándar => TIPO I."
"PLUVIALES","PP4","PP4","Pozo pluvial","UAP0.2-TIPOI","1","PP4","Circular","D:1.00","3.39","2.13","1.26","0","Criterio hidráulico acordado: pozo estándar => TIPO I."
"PLUVIALES","PPEX3","IM70","Imbornal / estructura auxiliar","U044879794E3","1","PPEX3","Circular","D:1.00","3.38","2.16","1.22","0","Criterio actual: no PP = imbornal"
"PLUVIALES","IM06","IM71","Imbornal / estructura auxiliar","U044879794E3","1","IM06","Rectangular","L:0.70 W:0.30","3.38","1.68","1.7","0","Criterio actual: no PP = imbornal"
"PLUVIALES","PP3","PP3","Pozo pluvial","UAP0.2-TIPOI","1","PP3","Circular","D:1.00","3.36","2.18","1.18","0","Criterio hidráulico acordado: pozo estándar => TIPO I."
"PLUVIALES","IM43","IM72","Imbornal / estructura auxiliar","U044879794E3","1","IM43","Rectangular","L:0.70 W:0.30","3.36","2.16","1.2","0","Criterio actual: no PP = imbornal"
"PLUVIALES","PPEX2","IM73","Imbornal / estructura auxiliar","U044879794E3","1","PPEX2","Circular","D:1.00","3.36","1.49","1.87","0","Criterio actual: no PP = imbornal"
"PLUVIALES","PP2","PP2","Pozo pluvial","UAP0.2-TIPOI","1","PP2","Circular","D:1.00","3.35","2.28","1.07","0","Criterio hidráulico acordado: pozo estándar => TIPO I."
"PLUVIALES","PP6","PP6","Pozo pluvial","UAP0.2-TIPOI","1","PP6","Circular","D:1.00","3.34","1.97","1.37","0","Criterio hidráulico acordado: pozo estándar => TIPO I."
"PLUVIALES","PP5","PP5","Pozo pluvial","UAP0.2-TIPOI","1","PP5","Circular","D:1.00","3.34","2.07","1.27","0","Criterio hidráulico acordado: pozo estándar => TIPO I."
"PLUVIALES","PPEX4","IM74","Imbornal / estructura auxiliar","U044879794E3","1","PPEX4","Circular","D:1.00","3.33","2.21","1.12","0","Criterio actual: no PP = imbornal"
"PLUVIALES","IM41","IM75","Imbornal / estructura auxiliar","U044879794E3","1","IM41","Rectangular","L:0.70 W:0.30","3.32","2.24","1.08","0","Criterio actual: no PP = imbornal"
"PLUVIALES","IM88","IM76","Imbornal / estructura auxiliar","U044879794E3","1","IM88","Rectangular","L:0.70 W:0.30","3.28","2.07","1.21","1.21","Criterio actual: no PP = imbornal"
"PLUVIALES","IM19","IM77","Imbornal / estructura auxiliar","U044879794E3","1","IM19","Rectangular","L:0.70 W:0.30","3.27","2.7","0.57","0","Criterio actual: no PP = imbornal"
"PLUVIALES","IM18","IM78","Imbornal / estructura auxiliar","U044879794E3","1","IM18","Rectangular","L:0.70 W:0.30","3.26","2.07","1.19","0","Criterio actual: no PP = imbornal"
"PLUVIALES","IM14","IM79","Imbornal / estructura auxiliar","U044879794E3","1","IM14","Rectangular","L:0.70 W:0.30","3.26","2.5","0.76","0","Criterio actual: no PP = imbornal"
"PLUVIALES","IM16","IM80","Imbornal / estructura auxiliar","U044879794E3","1","IM16","Rectangular","L:0.70 W:0.30","3.26","2.5","0.76","0","Criterio actual: no PP = imbornal"
"PLUVIALES","IM15","IM81","Imbornal / estructura auxiliar","U044879794E3","1","IM15","Rectangular","L:0.70 W:0.30","3.26","2.09","1.17","0","Criterio actual: no PP = imbornal"
"PLUVIALES","IM13","IM82","Imbornal / estructura auxiliar","U044879794E3","1","IM13","Rectangular","L:0.70 W:0.30","3.25","2.18","1.07","0","Criterio actual: no PP = imbornal"
"PLUVIALES","IM04","IM83","Imbornal / estructura auxiliar","U044879794E3","1","IM04","Rectangular","L:0.70 W:0.30","3.25","2.05","1.2","0","Criterio actual: no PP = imbornal"
"PLUVIALES","IM87","IM84","Imbornal / estructura auxiliar","U044879794E3","1","IM87","Rectangular","L:0.70 W:0.30","3.24","2.02","1.22","1.21","Criterio actual: no PP = imbornal"
"PLUVIALES","PV01","IM85","Imbornal / estructura auxiliar","U044879794E3","1","PV01","Rectangular","L:3.00 W:2.00","3.23","1.47","1.76","0","Criterio actual: no PP = imbornal"
"PLUVIALES","IM12","IM86","Imbornal / estructura auxiliar","U044879794E3","1","IM12","Rectangular","L:0.70 W:0.30","3.22","1.35","1.87","0","Criterio actual: no PP = imbornal"
"PLUVIALES","PP38","PP38","Pozo pluvial","UAP0.2-TIPOI","1","PP38","Circular","D:1.00","3.21","1.2","2.01","0","Criterio hidráulico acordado: pozo estándar => TIPO I."
"PLUVIALES","IM08","IM87","Imbornal / estructura auxiliar","U044879794E3","1","IM08","Rectangular","L:0.70 W:0.30","3.2","2.44","0.76","0","Criterio actual: no PP = imbornal"
"PLUVIALES","IM11","IM88","Imbornal / estructura auxiliar","U044879794E3","1","IM11","Rectangular","L:0.70 W:0.30","3.18","2.42","0.76","0","Criterio actual: no PP = imbornal"
"PLUVIALES","IM05","IM89","Imbornal / estructura auxiliar","U044879794E3","1","IM05","Rectangular","L:0.70 W:0.30","3.18","2.57","0.61","0","Criterio actual: no PP = imbornal"
"PLUVIALES","IM03","IM90","Imbornal / estructura auxiliar","U044879794E3","1","IM03","Rectangular","L:0.70 W:0.30","3.16","2.07","1.09","0","Criterio actual: no PP = imbornal"
"PLUVIALES","IM65","IM91","Imbornal / estructura auxiliar","U044879794E3","1","IM65","Rectangular","L:0.70 W:0.30","3.14","1.03","2.11","0","Criterio actual: no PP = imbornal"
"PLUVIALES","IM66","IM92","Imbornal / estructura auxiliar","U044879794E3","1","IM66","Rectangular","L:0.70 W:0.30","3.14","2.14","1","0","Criterio actual: no PP = imbornal"
"PLUVIALES","PP45","PP45","Pozo pluvial","UAP0.2-TIPOI","1","PP45","Circular","D:1.00","3.04","1.03","2.01","0","Criterio hidráulico acordado: pozo estándar => TIPO I."
"PLUVIALES","PP46","PP46","Pozo pluvial","UAP0.2-TIPOI","1","PP46","Circular","D:1.00","3.04","1","2.04","0","Criterio hidráulico acordado: pozo estándar => TIPO I."
"PLUVIALES","PP39","PP39","Pozo pluvial","UAP0.2-TIPOI","1","PP39","Circular","D:1.00","2.82","1.12","1.7","0","Criterio hidráulico acordado: pozo estándar => TIPO I."
"PLUVIALES","IM67","IM93","Imbornal / estructura auxiliar","U044879794E3","1","IM67","Rectangular","L:0.70 W:0.30","2.75","0.95","1.8","0","Criterio actual: no PP = imbornal"
"PLUVIALES","IM68","IM94","Imbornal / estructura auxiliar","U044879794E3","1","IM68","Rectangular","L:0.70 W:0.30","2.75","1.96","0.79","0","Criterio actual: no PP = imbornal"
"PLUVIALES","PP44","PP44","Pozo pluvial","UAP0.2-TIPOI","1","PP44","Circular","D:1.00","2.68","1.09","1.59","0","Criterio hidráulico acordado: pozo estándar => TIPO I."
"PLUVIALES","PP43","PP43","Pozo pluvial","UAP0.2-TIPOI","1","PP43","Circular","D:1.00","2.54","1.14","1.4","0","Criterio hidráulico acordado: pozo estándar => TIPO I."
"PLUVIALES","PP41","PP41","Pozo pluvial","UAP0.2-TIPOI","1","PP41","Circular","D:1.00","2.53","1.24","1.29","0","Criterio hidráulico acordado: pozo estándar => TIPO I."
"PLUVIALES","IM81","IM95","Imbornal / estructura auxiliar","U044879794E3","1","IM81","Rectangular","L:0.70 W:0.30","2.46","-0.76","3.22","0","Criterio actual: no PP = imbornal"
"PLUVIALES","PP40","PP40","Pozo pluvial","UAP0.2-TIPOI","1","PP40","Circular","D:1.00","2.44","1.04","1.4","0","Criterio hidráulico acordado: pozo estándar => TIPO I."
"PLUVIALES","IM71","IM96","Imbornal / estructura auxiliar","U044879794E3","1","IM71","Rectangular","L:0.70 W:0.30","2.39","1.76","0.63","0","Criterio actual: no PP = imbornal"
"PLUVIALES","IM73","IM97","Imbornal / estructura auxiliar","U044879794E3","1","IM73","Rectangular","L:0.70 W:0.30","2.38","-0.76","3.14","0","Criterio actual: no PP = imbornal"
"PLUVIALES","IM69","IM98","Imbornal / estructura auxiliar","U044879794E3","1","IM69","Rectangular","L:0.70 W:0.30","2.36","0.87","1.49","0","Criterio actual: no PP = imbornal"
"PLUVIALES","IM70","IM99","Imbornal / estructura auxiliar","U044879794E3","1","IM70","Rectangular","L:0.70 W:0.30","2.36","1.77","0.59","0","Criterio actual: no PP = imbornal"
"PLUVIALES","IM76","IM100","Imbornal / estructura auxiliar","U044879794E3","1","IM76","Rectangular","L:0.70 W:0.30","2.22","-0.76","2.98","0","Criterio actual: no PP = imbornal"
"PLUVIALES","PP42","PP42","Pozo pluvial","UAP0.5-TIPOII","1","PP42","Circular","D:1.00","2.13","1.19","0.94","0","Criterio hidráulico acordado: nodo singular => TIPO II."
"PLUVIALES","IM75","IM101","Imbornal / estructura auxiliar","U044879794E3","1","IM75","Rectangular","L:0.70 W:0.30","2.03","-0.76","2.79","0","Criterio actual: no PP = imbornal"
"PLUVIALES","IM84","IM102","Imbornal / estructura auxiliar","U044879794E3","1","IM84","Rectangular","L:0.70 W:0.30","1.98","-0.76","2.74","0","Criterio actual: no PP = imbornal"
"PLUVIALES","IM74","IM103","Imbornal / estructura auxiliar","U044879794E3","1","IM74","Rectangular","L:0.70 W:0.30","1.8","-0.76","2.56","0","Criterio actual: no PP = imbornal"
"PLUVIALES","PV02","IM104","Imbornal / estructura auxiliar","U044879794E3","1","PV02","Rectangular","L:3.00 W:2.00","0","-1.76",,"1.76","Criterio actual: no PP = imbornal"
