"Red","NombreOriginal","Shape","Material","Diametro_mm","NodoInicialRaw","NodoFinalRaw","AliasInicial","AliasFinal","TramoBC3","US_Invert_m","DS_Invert_m","LongitudCentro_m","LongitudUtil_m","Pendiente_pct","CodigoBC3","CapituloBC3","Impacta"
"PLUVIALES","PP1-PP2","Circular","...","400","PP1","PP2","PP1","PP2","PP1-PP2","2.34","2.28","28.01","27.01","0.25","UAC010.3","MCG-1.04","BC3 principal; Anejo 7; SyS; pruebas de red"
"PLUVIALES","PP2-PP3","Circular","...","400","PP2","PP3","PP2","PP3","PP2-PP3","2.28","2.18","40","39","0.25","UAC010.3","MCG-1.04","BC3 principal; Anejo 7; SyS; pruebas de red"
"PLUVIALES","PP4-PP5","Circular","...","400","PP4","PP5","PP4","PP5","PP4-PP5","2.13","2.07","25.67","24.67","0.25","UAC010.3","MCG-1.04","BC3 principal; Anejo 7; SyS; pruebas de red"
"PLUVIALES","PP5-PP6","Circular","...","400","PP5","PP6","PP5","PP6","PP5-PP6","2.07","1.97","40","39","0.25","UAC010.3","MCG-1.04","BC3 principal; Anejo 7; SyS; pruebas de red"
"PLUVIALES","PP7-PP8","Circular","...","400","PP7","PP8","PP7","PP8","PP7-PP8","1.92","1.87","19.95","18.95","0.25","UAC010.3","MCG-1.04","BC3 principal; Anejo 7; SyS; pruebas de red"
"PLUVIALES","PP8-PP9","Circular","...","500","PP8","PP9","PP8","PP9","PP8-PP9","1.87","1.79","32.15","31.15","0.25","UAC010.3.5","MCG-1.04","BC3 principal; Anejo 7; SyS; pruebas de red"
"PLUVIALES","PP9-PP10","Circular","...","500","PP9","PP10","PP9","PP10","PP9-PP10","1.79","1.7","35.85","34.85","0.25","UAC010.3.5","MCG-1.04","BC3 principal; Anejo 7; SyS; pruebas de red"
"PLUVIALES","PP10-PP11","Circular","...","500","PP10","PP11","PP10","PP11","PP10-PP11","1.7","1.6","40","39","0.25","UAC010.3.5","MCG-1.04","BC3 principal; Anejo 7; SyS; pruebas de red"
"PLUVIALES","PP11-PP12","Circular","...","500","PP11","PP12","PP11","PP12","PP11-PP12","1.6","1.56","18.07","17.07","0.25","UAC010.3.5","MCG-1.04","BC3 principal; Anejo 7; SyS; pruebas de red"
"PLUVIALES","PP12-PP13","Circular","...","500","PP12","PP13","PP12","PP13","PP12-PP13","1.56","1.5","22.03","21.03","0.25","UAC010.3.5","MCG-1.04","BC3 principal; Anejo 7; SyS; pruebas de red"
"PLUVIALES","PP14-PP15","Circular","...","400","PP14","PP15","PP14","PP15","PP14-PP15","2.63","2.59","31.61","30.61","0.13","UAC010.3","MCG-1.04","BC3 principal; Anejo 7; SyS; pruebas de red"
"PLUVIALES","PP15-PP16","Circular","...","400","PP15","PP16","PP15","PP16","PP15-PP16","2.59","2.56","25.09","24.09","0.13","UAC010.3","MCG-1.04","BC3 principal; Anejo 7; SyS; pruebas de red"
"PLUVIALES","PP16-PP17","Circular","...","400","PP16","PP17","PP16","PP17","PP16-PP17","2.56","2.51","34.81","33.81","0.13","UAC010.3","MCG-1.04","BC3 principal; Anejo 7; SyS; pruebas de red"
"PLUVIALES","PP17-PP18","Circular","...","500","PP17","PP18","PP17","PP18","PP17-PP18","2.51","2.46","41.49","40.49","0.13","UAC010.3.5","MCG-1.04","BC3 principal; Anejo 7; SyS; pruebas de red"
"PLUVIALES","PP18-PP19","Circular","...","500","PP18","PP19","PP18","PP19","PP18-PP19","2.46","2.41","40","39","0.13","UAC010.3.5","MCG-1.04","BC3 principal; Anejo 7; SyS; pruebas de red"
"PLUVIALES","PP19-PP20","Circular","...","500","PP19","PP20","PP19","PP20","PP19-PP20","2.41","2.35","40","39","0.13","UAC010.3.5","MCG-1.04","BC3 principal; Anejo 7; SyS; pruebas de red"
"PLUVIALES","PP20-PP21","Circular","...","500","PP20","PP21","PP20","PP21","PP20-PP21","2.35","2.3","40","39","0.13","UAC010.3.5","MCG-1.04","BC3 principal; Anejo 7; SyS; pruebas de red"
"PLUVIALES","PP21-PP22","Circular","...","630","PP21","PP22","PP21","PP22","PP21-PP22","2.3","2.25","40","39","0.13","UAC010.3.6","MCG-1.04","BC3 principal; Anejo 7; SyS; pruebas de red"
"PLUVIALES","PP22-PP23","Circular","...","630","PP22","PP23","PP22","PP23","PP22-PP23","2.25","2.19","40","39","0.13","UAC010.3.6","MCG-1.04","BC3 principal; Anejo 7; SyS; pruebas de red"
"PLUVIALES","PP23-PP24","Circular","...","630","PP23","PP24","PP23","PP24","PP23-PP24","2.19","2.14","40","39","0.13","UAC010.3.6","MCG-1.04","BC3 principal; Anejo 7; SyS; pruebas de red"
"PLUVIALES","PP24-PP25","Circular","...","630","PP24","PP25","PP24","PP25","PP24-PP25","2.14","2.09","40","39","0.13","UAC010.3.6","MCG-1.04","BC3 principal; Anejo 7; SyS; pruebas de red"
"PLUVIALES","PP25-PP26","Circular","...","630","PP25","PP26","PP25","PP26","PP25-PP26","2.09","2.03","40","39","0.13","UAC010.3.6","MCG-1.04","BC3 principal; Anejo 7; SyS; pruebas de red"
"PLUVIALES","PP26-PP27","Circular","...","800","PP26","PP27","PP26","PP27","PP26-PP27","2.03","1.98","40","39","0.13","REVISAR","MCG-1.04","BC3 principal; Anejo 7; SyS; pruebas de red"
"PLUVIALES","PP27-PP28","Circular","...","800","PP27","PP28","PP27","PP28","PP27-PP28","1.98","1.93","40","39","0.13","REVISAR","MCG-1.04","BC3 principal; Anejo 7; SyS; pruebas de red"
"PLUVIALES","PP28-PP29","Circular","...","800","PP28","PP29","PP28","PP29","PP28-PP29","1.93","1.88","40","39","0.13","REVISAR","MCG-1.04","BC3 principal; Anejo 7; SyS; pruebas de red"
"PLUVIALES","PP29-PP30","Circular","...","800","PP29","PP30","PP29","PP30","PP29-PP30","1.88","1.82","40","39","0.13","REVISAR","MCG-1.04","BC3 principal; Anejo 7; SyS; pruebas de red"
"PLUVIALES","PP30-PP31","Circular","...","800","PP30","PP31","PP30","PP31","PP30-PP31","1.82","1.77","40","39","0.13","REVISAR","MCG-1.04","BC3 principal; Anejo 7; SyS; pruebas de red"
"PLUVIALES","PP31-PP32","Circular","...","800","PP31","PP32","PP31","PP32","PP31-PP32","1.77","1.72","40","39","0.13","REVISAR","MCG-1.04","BC3 principal; Anejo 7; SyS; pruebas de red"
"PLUVIALES","PP32-PP33","Circular","...","800","PP32","PP33","PP32","PP33","PP32-PP33","1.72","1.66","40","39","0.13","REVISAR","MCG-1.04","BC3 principal; Anejo 7; SyS; pruebas de red"
"PLUVIALES","PP33-PP34","Circular","...","800","PP33","PP34","PP33","PP34","PP33-PP34","1.66","1.61","40","39","0.13","REVISAR","MCG-1.04","BC3 principal; Anejo 7; SyS; pruebas de red"
"PLUVIALES","PP34-PP35","Circular","...","800","PP34","PP35","PP34","PP35","PP34-PP35","1.61","1.56","40","39","0.13","REVISAR","MCG-1.04","BC3 principal; Anejo 7; SyS; pruebas de red"
"PLUVIALES","PP35-PP36","Circular","...","800","PP35","PP36","PP35","PP36","PP35-PP36","1.56","1.51","40","39","0.13","REVISAR","MCG-1.04","BC3 principal; Anejo 7; SyS; pruebas de red"
"PLUVIALES","PP36-PP37","Circular","...","800","PP36","PP37","PP36","PP37","PP36-PP37","1.51","1.45","40","39","0.13","REVISAR","MCG-1.04","BC3 principal; Anejo 7; SyS; pruebas de red"
"PLUVIALES","PP37-PP38","Circular","...","800","PP37","PP38","PP37","PP38","PP37-PP38","1.45","1.4","40","39","0.13","REVISAR","MCG-1.04","BC3 principal; Anejo 7; SyS; pruebas de red"
"PLUVIALES","PP38-PP39","Circular","...","800","PP38","PP39","PP38","PP39","PP38-PP39","1.4","1.35","40","39","0.13","REVISAR","MCG-1.04","BC3 principal; Anejo 7; SyS; pruebas de red"
"PLUVIALES","PP39-PP40","Circular","...","800","PP39","PP40","PP39","PP40","PP39-PP40","1.35","1.29","40","39","0.13","REVISAR","MCG-1.04","BC3 principal; Anejo 7; SyS; pruebas de red"
"PLUVIALES","PP40-PP41","Circular","...","800","PP40","PP41","PP40","PP41","PP40-PP41","1.29","1.24","38.68","37.68","0.13","REVISAR","MCG-1.04","BC3 principal; Anejo 7; SyS; pruebas de red"
"PLUVIALES","PP41-PP42","Circular","...","800","PP41","PP42","PP41","PP42","PP41-PP42","1.24","1.19","38.77","37.77","0.13","REVISAR","MCG-1.04","BC3 principal; Anejo 7; SyS; pruebas de red"
"PLUVIALES","IM05-PP2","Circular","...","250","IM05","PP2","IM89","PP2","IM89-PP2","2.57","2.4","3.35","2.7","5.14","UAC010.00","MCG-1.04","BC3 principal; Anejo 7; SyS; pruebas de red"
"PLUVIALES","IM06-PP2","Circular","...","250","IM06","PP2","IM71","PP2","IM71-PP2","1.68","2.28","6.03","5.38","-9.85","UAC010.00","MCG-1.04","BC3 principal; Anejo 7; SyS; pruebas de red"
"PLUVIALES","PP13-PV01","Circular","...","500","PP13","PV01","PP13","IM85","PP13-IM85","1.5","1.47","12.43","10.93","0.25","UAC010.3.5","MCG-1.04","BC3 principal; Anejo 7; SyS; pruebas de red"
"PLUVIALES","PP42-PP43","Circular","...","1000","PP42","PP43","PP42","PP43","PP42-PP43","1.19","1.14","40","39","0.13","REVISAR","MCG-1.04","BC3 principal; Anejo 7; SyS; pruebas de red"
"PLUVIALES","IM01-PP1","Circular","...","250","IM01","PP1","IM57","PP1","IM57-PP1","2.72","2.34","19.59","18.94","1.96","UAC010.00","MCG-1.04","BC3 principal; Anejo 7; SyS; pruebas de red"
"PLUVIALES","PP1-IM03","Circular","...","250","PP1","IM03","PP1","IM90","PP1-IM90","2.34","2.07","14.76","14.11","1.81","UAC010.00","MCG-1.04","BC3 principal; Anejo 7; SyS; pruebas de red"
"PLUVIALES","IM02-PP1","Circular","...","250","IM02","PP1","IM58","PP1","IM58-PP1","2.71","2.42","6.1","5.45","4.7","UAC010.00","MCG-1.04","BC3 principal; Anejo 7; SyS; pruebas de red"
"PLUVIALES","PP1-IM04","Circular","...","250","PP1","IM04","PP1","IM83","PP1-IM83","2.34","2.05","6.47","5.82","4.49","UAC010.00","MCG-1.04","BC3 principal; Anejo 7; SyS; pruebas de red"
"PLUVIALES","IM08-PP2","Circular","...","250","IM08","PP2","IM87","PP2","IM87-PP2","2.44","2.28","12.27","11.62","1.33","UAC010.00","MCG-1.04","BC3 principal; Anejo 7; SyS; pruebas de red"
"PLUVIALES","IM07-PP2","Circular","...","250","IM07","PP2","IM64","PP2","IM64-PP2","1.68","2.28","14.9","14.25","-3.98","UAC010.00","MCG-1.04","BC3 principal; Anejo 7; SyS; pruebas de red"
"PLUVIALES","Tubería - (51)","Circular","...","250","StartNullStruct0","PP3","IM01","PP3","IM01-PP3","2.79","2.51","9.37","8.87","3","UAC010.00","MCG-1.04","BC3 principal; Anejo 7; SyS; pruebas de red"
"PLUVIALES","PP3-PP3 (2)","Circular","...","250","PP3","PPEX2","PP3","IM73","PP3-IM73","2.2","1.98","7.35","6.35","3","UAC010.00","MCG-1.04","BC3 principal; Anejo 7; SyS; pruebas de red"
"PLUVIALES","IM09-PP3 (1)","Circular","...","250","IM09","PPEX1","IM66","IM50","IM66-IM50","2.66","2.43","7.59","6.94","3","UAC010.00","MCG-1.04","BC3 principal; Anejo 7; SyS; pruebas de red"
"PLUVIALES","PP3 (1)-IM10","Circular","...","250","PPEX1","IM10","IM50","IM61","IM50-IM61","2.43","2.25","6.25","5.6","3","UAC010.00","MCG-1.04","BC3 principal; Anejo 7; SyS; pruebas de red"
"PLUVIALES","IM11-PP3 (2)","Circular","...","250","IM11","PPEX2","IM88","IM73","IM88-IM73","2.42","2.24","6.08","5.43","2.99","UAC010.00","MCG-1.04","BC3 principal; Anejo 7; SyS; pruebas de red"
"PLUVIALES","PP3 (2)-IM12","Circular","...","250","PPEX2","IM12","IM73","IM86","IM73-IM86","1.49","1.35","4.74","4.09","3.01","UAC010.00","MCG-1.04","BC3 principal; Anejo 7; SyS; pruebas de red"
"PLUVIALES","IM16-PP3 (2) (2)","Circular","...","250","IM16","PPEX3","IM80","IM70","IM80-IM70","2.5","2.16","11.12","10.47","3","UAC010.00","MCG-1.04","BC3 principal; Anejo 7; SyS; pruebas de red"
"PLUVIALES","PP3 (2) (2)-IM15","Circular","...","250","PPEX3","IM15","IM70","IM81","IM70-IM81","2.16","2.09","2.56","1.91","3","UAC010.00","MCG-1.04","BC3 principal; Anejo 7; SyS; pruebas de red"
"PLUVIALES","IM14-PP3 (2) (1)","Circular","...","250","IM14","PPEX4","IM79","IM74","IM79-IM74","2.5","2.21","9.54","8.89","3","UAC010.00","MCG-1.04","BC3 principal; Anejo 7; SyS; pruebas de red"
"PLUVIALES","PP3 (2) (1)-IM13","Circular","...","250","PPEX4","IM13","IM74","IM82","IM74-IM82","2.21","2.18","1","0.35","3","UAC010.00","MCG-1.04","BC3 principal; Anejo 7; SyS; pruebas de red"
"PLUVIALES","PP3 (2) (2)-PP6","Circular","...","250","PPEX3","PP6","IM70","PP6","IM70-PP6","2.16","1.97","6.34","5.34","3","UAC010.00","MCG-1.04","BC3 principal; Anejo 7; SyS; pruebas de red"
"PLUVIALES","PP3 (2) (1)-PP6","Circular","...","250","PPEX4","PP6","IM74","PP6","IM74-PP6","2.21","1.97","4.1","3.1","5.93","UAC010.00","MCG-1.04","BC3 principal; Anejo 7; SyS; pruebas de red"
"PLUVIALES","IM17-PP4","Circular","...","250","IM17","PP4","IM65","PP4","IM65-PP4","2.79","2.51","8.24","7.59","3.41","UAC010.00","MCG-1.04","BC3 principal; Anejo 7; SyS; pruebas de red"
"PLUVIALES","PP4-IM18","Circular","...","250","PP4","IM18","PP4","IM78","PP4-IM78","2.3","2.07","7.67","7.02","3","UAC010.00","MCG-1.04","BC3 principal; Anejo 7; SyS; pruebas de red"
"PLUVIALES","PP3-PP4","Circular","...","400","PP3","PP4","PP3","PP4","PP3-PP4","2.18","2.13","18.96","17.96","0.25","UAC010.3","MCG-1.04","BC3 principal; Anejo 7; SyS; pruebas de red"
"PLUVIALES","IM19-PP7","Circular","...","250","IM19","PP7","IM77","PP7","IM77-PP7","2.7","2.44","8.62","7.97","3","UAC010.00","MCG-1.04","BC3 principal; Anejo 7; SyS; pruebas de red"
"PLUVIALES","IM20-PP7","Circular","...","250","IM20","PP7","IM13","PP7","IM13-PP7","4.48","4.36","7.04","6.39","1.74","UAC010.00","MCG-1.04","BC3 principal; Anejo 7; SyS; pruebas de red"
"PLUVIALES","IM21-PP8","Circular","...","250","IM21","PP8","IM11","PP8","IM11-PP8","5.51","5.31","6.12","5.47","3.11","UAC010.00","MCG-1.04","BC3 principal; Anejo 7; SyS; pruebas de red"
"PLUVIALES","PP8-IM22","Circular","...","250","PP8","IM22","PP8","IM15","PP8-IM15","4.48","4.36","3.25","2.6","3.78","UAC010.00","MCG-1.04","BC3 principal; Anejo 7; SyS; pruebas de red"
"PLUVIALES","PP9-IM23","Circular","...","250","PP9","IM23","PP9","IM16","PP9-IM16","4.48","4.36","5.73","5.08","2.14","UAC010.00","MCG-1.04","BC3 principal; Anejo 7; SyS; pruebas de red"
"PLUVIALES","IM24-PP11","Circular","...","250","IM24","PP11","IM12","PP11","IM12-PP11","4.48","4.36","14.24","13.59","0.86","UAC010.00","MCG-1.04","BC3 principal; Anejo 7; SyS; pruebas de red"
"PLUVIALES","PP6-PP7","Circular","...","400","PP6","PP7","PP6","PP7","PP6-PP7","1.97","1.92","21.49","20.49","0.25","UAC010.3","MCG-1.04","BC3 principal; Anejo 7; SyS; pruebas de red"
"PLUVIALES","IM26-PP14","Circular","...","250","IM26","PP14","IM28","PP14","IM28-PP14","2.92","2.73","13.67","13.02","1.45","UAC010.00","MCG-1.04","BC3 principal; Anejo 7; SyS; pruebas de red"
"PLUVIALES","IM25-PP14","Circular","...","250","IM25","PP14","IM54","PP14","IM54-PP14","2.73","2.59","12.76","12.11","1.07","UAC010.00","MCG-1.04","BC3 principal; Anejo 7; SyS; pruebas de red"
"PLUVIALES","IM27-PP18","Circular","...","250","IM27","PP18","IM19","PP18","IM19-PP18","3.5","3.12","12.68","12.03","3","UAC010.00","MCG-1.04","BC3 principal; Anejo 7; SyS; pruebas de red"
"PLUVIALES","IM28-PP18","Circular","...","250","IM28","PP18","IM18","PP18","IM18-PP18","2.8","2.52","9.48","8.83","3","UAC010.00","MCG-1.04","BC3 principal; Anejo 7; SyS; pruebas de red"
"PLUVIALES","IM30-PP19","Circular","...","250","IM30","PP19","IM23","PP19","IM23-PP19","3.2","2.88","10.81","10.16","3","UAC010.00","MCG-1.04","BC3 principal; Anejo 7; SyS; pruebas de red"
"PLUVIALES","IM29-PP19","Circular","...","250","IM29","PP19","IM22","PP19","IM22-PP19","2.72","2.53","6.43","5.78","3","UAC010.00","MCG-1.04","BC3 principal; Anejo 7; SyS; pruebas de red"
"PLUVIALES","IM32-PP20","Circular","...","250","IM32","PP20","IM25","PP20","IM25-PP20","3.2","2.88","10.73","10.08","3","UAC010.00","MCG-1.04","BC3 principal; Anejo 7; SyS; pruebas de red"
"PLUVIALES","IM31-PP20","Circular","...","250","IM31","PP20","IM24","PP20","IM24-PP20","2.64","2.46","6.3","5.65","3","UAC010.00","MCG-1.04","BC3 principal; Anejo 7; SyS; pruebas de red"
"PLUVIALES","IM34-PP21","Circular","...","250","IM34","PP21","IM27","PP21","IM27-PP21","3.19","2.87","10.67","10.02","3","UAC010.00","MCG-1.04","BC3 principal; Anejo 7; SyS; pruebas de red"
"PLUVIALES","IM33-PP21","Circular","...","250","IM33","PP21","IM26","PP21","IM26-PP21","2.56","2.38","6.21","5.56","3","UAC010.00","MCG-1.04","BC3 principal; Anejo 7; SyS; pruebas de red"
"PLUVIALES","IM36-PP22","Circular","...","250","IM36","PP22","IM30","PP22","IM30-PP22","3.18","2.86","10.65","10","3","UAC010.00","MCG-1.04","BC3 principal; Anejo 7; SyS; pruebas de red"
"PLUVIALES","IM35-PP22","Circular","...","250","IM35","PP22","IM29","PP22","IM29-PP22","2.48","2.3","6.17","5.52","3","UAC010.00","MCG-1.04","BC3 principal; Anejo 7; SyS; pruebas de red"
"PLUVIALES","IM38-PP23","Circular","...","250","IM38","PP23","IM32","PP23","IM32-PP23","3.17","2.86","10.62","9.97","3","UAC010.00","MCG-1.04","BC3 principal; Anejo 7; SyS; pruebas de red"
"PLUVIALES","IM37-PP23","Circular","...","250","IM37","PP23","IM31","PP23","IM31-PP23","2.4","2.22","6.12","5.47","3","UAC010.00","MCG-1.04","BC3 principal; Anejo 7; SyS; pruebas de red"
"PLUVIALES","IM40-PP24","Circular","...","250","IM40","PP24","IM36","PP24","IM36-PP24","3.17","2.85","10.62","9.97","3","UAC010.00","MCG-1.04","BC3 principal; Anejo 7; SyS; pruebas de red"
"PLUVIALES","IM39-PP24","Circular","...","250","IM39","PP24","IM62","PP24","IM62-PP24","2.32","2.14","6.12","5.47","3","UAC010.00","MCG-1.04","BC3 principal; Anejo 7; SyS; pruebas de red"
"PLUVIALES","IM42-PP25","Circular","...","250","IM42","PP25","IM37","PP25","IM37-PP25","3.16","2.84","10.58","9.93","3","UAC010.00","MCG-1.04","BC3 principal; Anejo 7; SyS; pruebas de red"
"PLUVIALES","IM41-PP25","Circular","...","250","IM41","PP25","IM75","PP25","IM75-PP25","2.24","2.06","6.06","5.41","3","UAC010.00","MCG-1.04","BC3 principal; Anejo 7; SyS; pruebas de red"
"PLUVIALES","IM44-PP26","Circular","...","250","IM44","PP26","IM40","PP26","IM40-PP26","3.15","2.83","10.58","9.93","3","UAC010.00","MCG-1.04","BC3 principal; Anejo 7; SyS; pruebas de red"
"PLUVIALES","IM43-PP26","Circular","...","250","IM43","PP26","IM72","PP26","IM72-PP26","2.16","1.98","6.05","5.4","3","UAC010.00","MCG-1.04","BC3 principal; Anejo 7; SyS; pruebas de red"
"PLUVIALES","IM46-PP27","Circular","...","250","IM46","PP27","IM41","PP27","IM41-PP27","3.14","2.83","10.58","9.93","3","UAC010.00","MCG-1.04","BC3 principal; Anejo 7; SyS; pruebas de red"
"PLUVIALES","IM45-PP27","Circular","...","250","IM45","PP27","IM69","PP27","IM69-PP27","2.08","1.9","6.06","5.41","3","UAC010.00","MCG-1.04","BC3 principal; Anejo 7; SyS; pruebas de red"
"PLUVIALES","IM48-PP28","Circular","...","250","IM48","PP28","IM42","PP28","IM42-PP28","3.14","2.82","10.58","9.93","3","UAC010.00","MCG-1.04","BC3 principal; Anejo 7; SyS; pruebas de red"
"PLUVIALES","IM47-PP28","Circular","...","250","IM47","PP28","IM63","PP28","IM63-PP28","2","1.82","6.06","5.41","3","UAC010.00","MCG-1.04","BC3 principal; Anejo 7; SyS; pruebas de red"
"PLUVIALES","IM50-PP30","Circular","...","250","IM50","PP30","IM45","PP30","IM45-PP30","3.12","2.8","10.58","9.93","3","UAC010.00","MCG-1.04","BC3 principal; Anejo 7; SyS; pruebas de red"
"PLUVIALES","IM49-PP30","Circular","...","250","IM49","PP30","IM51","PP30","IM51-PP30","1.84","1.66","6.06","5.41","3","UAC010.00","MCG-1.04","BC3 principal; Anejo 7; SyS; pruebas de red"
"PLUVIALES","IM52-PP31","Circular","...","250","IM52","PP31","IM47","PP31","IM47-PP31","3.11","2.79","10.58","9.93","3","UAC010.00","MCG-1.04","BC3 principal; Anejo 7; SyS; pruebas de red"
"PLUVIALES","IM51-PP31","Circular","...","250","IM51","PP31","IM46","PP31","IM46-PP31","1.76","1.58","6.06","5.41","3","UAC010.00","MCG-1.04","BC3 principal; Anejo 7; SyS; pruebas de red"
"PLUVIALES","IM54-PP32","Circular","...","250","IM54","PP32","IM39","PP32","IM39-PP32","3.1","2.79","10.56","9.91","3","UAC010.00","MCG-1.04","BC3 principal; Anejo 7; SyS; pruebas de red"
"PLUVIALES","IM53-PP32","Circular","...","250","IM53","PP32","IM38","PP32","IM38-PP32","1.68","1.51","5.97","5.32","3","UAC010.00","MCG-1.04","BC3 principal; Anejo 7; SyS; pruebas de red"
"PLUVIALES","IM56-PP33","Circular","...","250","IM56","PP33","IM44","PP33","IM44-PP33","3.04","2.73","10.41","9.76","3","UAC010.00","MCG-1.04","BC3 principal; Anejo 7; SyS; pruebas de red"
"PLUVIALES","IM55-PP33","Circular","...","250","IM55","PP33","IM43","PP33","IM43-PP33","1.6","1.43","5.76","5.11","3","UAC010.00","MCG-1.04","BC3 principal; Anejo 7; SyS; pruebas de red"
"PLUVIALES","IM58-PP34","Circular","...","250","IM58","PP34","IM49","PP34","IM49-PP34","2.86","2.55","10.41","9.76","3","UAC010.00","MCG-1.04","BC3 principal; Anejo 7; SyS; pruebas de red"
"PLUVIALES","IM57-PP34","Circular","...","250","IM57","PP34","IM48","PP34","IM48-PP34","1.52","1.35","5.76","5.11","3","UAC010.00","MCG-1.04","BC3 principal; Anejo 7; SyS; pruebas de red"
"PLUVIALES","IM60-PP35","Circular","...","250","IM60","PP35","IM53","PP35","IM53-PP35","2.68","2.37","10.41","9.76","3","UAC010.00","MCG-1.04","BC3 principal; Anejo 7; SyS; pruebas de red"
"PLUVIALES","IM59-PP35","Circular","...","250","IM59","PP35","IM52","PP35","IM52-PP35","1.44","1.27","5.76","5.11","3","UAC010.00","MCG-1.04","BC3 principal; Anejo 7; SyS; pruebas de red"
"PLUVIALES","IM62-PP36","Circular","...","250","IM62","PP36","IM56","PP36","IM56-PP36","2.5","2.19","10.41","9.76","3","UAC010.00","MCG-1.04","BC3 principal; Anejo 7; SyS; pruebas de red"
"PLUVIALES","IM61-PP36","Circular","...","250","IM61","PP36","IM55","PP36","IM55-PP36","1.36","1.19","5.76","5.11","3","UAC010.00","MCG-1.04","BC3 principal; Anejo 7; SyS; pruebas de red"
"PLUVIALES","IM64-PP37","Circular","...","250","IM64","PP37","IM60","PP37","IM60-PP37","2.32","2.01","10.41","9.76","3","UAC010.00","MCG-1.04","BC3 principal; Anejo 7; SyS; pruebas de red"
"PLUVIALES","IM63-PP37","Circular","...","250","IM63","PP37","IM59","PP37","IM59-PP37","1.28","1.11","5.76","5.11","3","UAC010.00","MCG-1.04","BC3 principal; Anejo 7; SyS; pruebas de red"
"PLUVIALES","IM66-PP38","Circular","...","250","IM66","PP38","IM92","PP38","IM92-PP38","2.14","1.83","10.41","9.76","3","UAC010.00","MCG-1.04","BC3 principal; Anejo 7; SyS; pruebas de red"
"PLUVIALES","PP38-IM65","Circular","...","250","PP38","IM65","PP38","IM91","PP38-IM91","1.2","1.03","5.76","5.11","3","UAC010.00","MCG-1.04","BC3 principal; Anejo 7; SyS; pruebas de red"
"PLUVIALES","IM68-PP39","Circular","...","250","IM68","PP39","IM94","PP39","IM94-PP39","1.96","1.64","10.41","9.76","3","UAC010.00","MCG-1.04","BC3 principal; Anejo 7; SyS; pruebas de red"
"PLUVIALES","PP39-IM67","Circular","...","250","PP39","IM67","PP39","IM93","PP39-IM93","1.12","0.95","5.76","5.11","3","UAC010.00","MCG-1.04","BC3 principal; Anejo 7; SyS; pruebas de red"
"PLUVIALES","IM70-PP40","Circular","...","250","IM70","PP40","IM99","PP40","IM99-PP40","1.77","1.46","10.41","9.76","3","UAC010.00","MCG-1.04","BC3 principal; Anejo 7; SyS; pruebas de red"
"PLUVIALES","PP40-IM69","Circular","...","250","PP40","IM69","PP40","IM98","PP40-IM98","1.04","0.87","5.76","5.11","3","UAC010.00","MCG-1.04","BC3 principal; Anejo 7; SyS; pruebas de red"
"PLUVIALES","IM71-PP41","Circular","...","250","IM71","PP41","IM96","PP41","IM96-PP41","1.76","1.59","5.74","5.09","3","UAC010.00","MCG-1.04","BC3 principal; Anejo 7; SyS; pruebas de red"
"PLUVIALES","Tubería - (109) (1)","Circular","...","250","IM73","EndNullStruct0","IM97","IM02","IM97-IM02","-0.76","-0.94","5.74","5.59","3","UAC010.00","MCG-1.04","BC3 principal; Anejo 7; SyS; pruebas de red"
"PLUVIALES","Tubería - (109) (1) (1)","Circular","...","250","IM74","EndNullStruct1","IM103","IM03","IM103-IM03","-0.76","-0.94","5.74","5.59","3","UAC010.00","MCG-1.04","BC3 principal; Anejo 7; SyS; pruebas de red"
"PLUVIALES","Tubería - (109) (1) (2)","Circular","...","250","IM84","EndNullStruct2","IM102","IM04","IM102-IM04","-0.76","-0.94","5.74","5.59","3","UAC010.00","MCG-1.04","BC3 principal; Anejo 7; SyS; pruebas de red"
"PLUVIALES","Tubería - (109) (1) (1) (1)","Circular","...","250","IM75","EndNullStruct3","IM101","IM05","IM101-IM05","-0.76","-0.94","5.74","5.59","3","UAC010.00","MCG-1.04","BC3 principal; Anejo 7; SyS; pruebas de red"
"PLUVIALES","Tubería - (109) (1) (1) (2)","Circular","...","250","IM76","EndNullStruct4","IM100","IM06","IM100-IM06","-0.76","-0.94","5.74","5.59","3","UAC010.00","MCG-1.04","BC3 principal; Anejo 7; SyS; pruebas de red"
"PLUVIALES","Tubería - (109) (1) (1) (2) (1)","Circular","...","250","IM77","EndNullStruct5","IM17","IM07","IM17-IM07","-0.76","-0.94","5.74","5.59","3","UAC010.00","MCG-1.04","BC3 principal; Anejo 7; SyS; pruebas de red"
"PLUVIALES","Tubería - (109) (1) (1) (2) (2)","Circular","...","250","IM78","IM27","IM14","IM19","IM14-IM19","-0.76","-0.94","11.33","11.03","1.52","UAC010.00","MCG-1.04","BC3 principal; Anejo 7; SyS; pruebas de red"
"PLUVIALES","Tubería - (109) (1) (1) (2) (3)","Circular","...","250","IM79","EndNullStruct6","IM21","IM08","IM21-IM08","-0.76","-0.94","5.74","5.59","3","UAC010.00","MCG-1.04","BC3 principal; Anejo 7; SyS; pruebas de red"
"PLUVIALES","Tubería - (109) (1) (1) (2) (4)","Circular","...","250","IM80","IM28","IM20","IM18","IM20-IM18","-0.76","-0.94","11.41","11.11","1.51","UAC010.00","MCG-1.04","BC3 principal; Anejo 7; SyS; pruebas de red"
"PLUVIALES","Tubería - (109) (1) (1) (2) (5)","Circular","...","250","IM81","EndNullStruct7","IM95","IM09","IM95-IM09","-0.76","-0.94","5.74","5.59","3","UAC010.00","MCG-1.04","BC3 principal; Anejo 7; SyS; pruebas de red"
"PLUVIALES","Tubería - (109) (1) (1) (2) (6)","Circular","...","250","IM82","PP17","IM35","PP17","IM35-PP17","2.64","2.6","19.44","18.79","0.19","UAC010.00","MCG-1.04","BC3 principal; Anejo 7; SyS; pruebas de red"
"PLUVIALES","Tubería - (109) (1) (1) (2) (7)","Circular","...","250","IM83","PP17","IM33","PP17","IM33-PP17","2.64","2.6","19.11","18.46","0.21","UAC010.00","MCG-1.04","BC3 principal; Anejo 7; SyS; pruebas de red"
"PLUVIALES","PP43-PP44","Circular","...","1000","PP43","PP44","PP43","PP44","PP43-PP44","1.14","1.09","40","39","0.13","REVISAR","MCG-1.04","BC3 principal; Anejo 7; SyS; pruebas de red"
"PLUVIALES","PP44-PP45","Circular","...","1000","PP44","PP45","PP44","PP45","PP44-PP45","1.09","1.03","40","39","0.13","REVISAR","MCG-1.04","BC3 principal; Anejo 7; SyS; pruebas de red"
"PLUVIALES","PP46-CANAL","Circular","...","1000","PP46","PV02","PP46","IM104","PP46-IM104","1","0.95","39.58","39.08","0.13","REVISAR","MCG-1.04","BC3 principal; Anejo 7; SyS; pruebas de red"
"PLUVIALES","PP45-PP46","Circular","...","1000","PP45","PP46","PP45","PP46","PP45-PP46","1.03","1","23.35","22.35","0.13","REVISAR","MCG-1.04","BC3 principal; Anejo 7; SyS; pruebas de red"
